Month,w1,w2,w3,w4,,,
6,509,388,405,343,,,
7,553,342,353,293,,,
8,373,375,514,649,,,
9,630,450,500,700,,,
10,520,537,410,159,,,
11,461.6137328,415.2627425,417.5970298,412.6460051,,,
